epoch,lr,train_loss,train_ce_loss,train_align_loss,val_loss,val_acc,val_macro_f1
1,0.0009972883382072953,2.4594565411003266,2.4594565411003266,0.0,3.511652125252618,0.10564663023679417,0.08766233766233766
2,0.0009891830623632338,2.2286946627558493,2.2286946627558493,0.0,5.151981883578831,0.056466302367941715,0.03275207043791476
3,0.0009757729755661011,2.0644019452893003,2.0644019452893003,0.0,5.8667931821611194,0.023679417122040074,0.018095238662955725
4,0.0009572050015330874,1.9262135126152817,1.9262135126152817,0.0,4.426607502831353,0.12568306010928962,0.05977812573557255
5,0.0009336825748732973,1.835033927645002,1.835033927645002,0.0,7.423665020200941,0.0947176684881603,0.06202044566052966
6,0.0009054634122155991,1.6893011988425741,1.6893011988425741,0.0,4.818125208218892,0.20947176684881602,0.07816592498607224
7,0.0008728566886113102,1.541867241567495,1.541867241567495,0.0,4.858345415857103,0.07832422586520947,0.042916305944914766
8,0.0008362196501476349,1.338023229521148,1.338023229521148,0.0,5.8352789878845215,0.32786885245901637,0.22690128313009275
9,0.0007959536998847742,1.244227292586346,1.244227292586346,0.0,4.319878458976746,0.15664845173041894,0.07293928074415881
10,0.0007525,1.1084266864523595,1.1084266864523595,0.0,4.74542549583647,0.26958105646630237,0.14726909237128682
11,0.0007063346383225212,0.9215643515392226,0.9215643515392226,0.0,7.988648172881868,0.23679417122040072,0.12988936988936986
12,0.000657963412215599,0.7841044670465042,0.7841044670465042,0.0,6.568677610821194,0.1621129326047359,0.08612637362637363
13,0.0006079162869547909,0.6951711141333288,0.6951711141333288,0.0,5.358397622903188,0.2750455373406193,0.1562455324817341
14,0.0005567415893174886,0.6000598833269003,0.6000598833269003,0.0,4.64470593796836,0.39344262295081966,0.2575330131582142
15,0.0005050000000000002,0.5066417951364907,0.5066417951364907,0.0,5.624628596835667,0.23132969034608378,0.11939512972604176
16,0.0004532584106825117,0.4995971087898527,0.4995971087898527,0.0,4.508879019154443,0.4517304189435337,0.265547100058775
17,0.00040208371304520916,0.36946835657771754,0.36946835657771754,0.0,5.131075766351488,0.3989071038251366,0.2621527153731818
18,0.00035203658778440114,0.3114142241526623,0.3114142241526623,0.0,5.135690834787157,0.3770491803278688,0.23255879531816975
19,0.00030366536167747904,0.26596376877658223,0.26596376877658223,0.0,5.221422413984935,0.41530054644808745,0.24165413236870664
20,0.00025750000000000013,0.2466674392320672,0.2466674392320672,0.0,5.253027270237605,0.3825136612021858,0.21968447295981638
21,0.00021404630011522585,0.2167347325962417,0.2167347325962417,0.0,4.796835763586892,0.4644808743169399,0.2672027524982106
22,0.00017378034985236535,0.19471047605787004,0.19471047605787004,0.0,5.234996580415302,0.4644808743169399,0.2761827751432668
23,0.00013714331138868998,0.15112030931881495,0.15112030931881495,0.0,5.71415110429128,0.32604735883424407,0.1715064442887004
24,0.00010453658778440108,0.14574757598492563,0.14574757598492563,0.0,5.729431122541428,0.32786885245901637,0.17171272127246986
25,7.631742512670285e-05,0.13382728869209484,0.13382728869209484,0.0,5.205370111597909,0.5318761384335154,0.3284050048768897
26,5.279499846691252e-05,0.1297876886567291,0.1297876886567291,0.0,5.3744612700409355,0.44990892531876137,0.2684315047465253
27,3.4227024433899005e-05,0.12274645147274951,0.12274645147274951,0.0,5.35367396639453,0.48633879781420764,0.2937535356683862
28,2.0816937636766188e-05,0.11381140913890332,0.11381140913890332,0.0,5.385823781291644,0.44990892531876137,0.2649479312160891
29,1.2711661792704668e-05,0.11768781713077,0.11768781713077,0.0,5.462498881750637,0.41894353369763204,0.24688374420827505
30,1e-05,0.11763382034034145,0.11763382034034145,0.0,5.609912054406272,0.4353369763205829,0.25997431614230454
